key,key:project,key:userStory
project-user-story-01,project-01,user-story-01
project-user-story-02,project-01,user-story-03
project-user-story-03,project-01,user-story-07
project-user-story-04,project-01,user-story-09
project-user-story-05,project-01,user-story-11
project-user-story-06,project-02,user-story-02
project-user-story-07,project-02,user-story-04
project-user-story-08,project-02,user-story-11
project-user-story-09,project-07,user-story-07
project-user-story-10,project-07,user-story-14
project-user-story-11,project-07,user-story-13
