key,enabled,identity,password,username
user-account-consumer-01,true,"UserIdentity{name: 'Peter', surname: 'Consumer', email: 'peter@acme.com'}",consumer1,consumer1
user-account-consumer-02,true,"UserIdentity{name: 'Mary', surname: '貸んい建濯よ芝弾テソ Λορεμ ιπσθμ', email: 'mary@acme.com'}",consumer2,consumer2
user-account-provider-01,true,"UserIdentity{name: 'Laurel', surname: 'Provider', email: 'laurel@acme.com'}",provider1,provider1
user-account-provider-02,true,"UserIdentity{name: 'Martina', surname: 'коза თხა', email: 'martina@acme.com'}",provider2,provider2
user-account-manager-01,true,"UserIdentity{name: 'Manager1', surname: 'Acme', email: 'manager1@acme.com'}",manager1,manager1
user-account-manager-02,true,"UserIdentity{name: 'Manager2', surname: 'Acme', email: 'manager2@acme.com'}",manager2,manager2
user-account-administrator-02,true,"UserIdentity{name: 'Administrator1', surname: 'Acme', email: 'administrator1@acme.com'}",administrator1,administrator1
user-account-administrator-03,true,"UserIdentity{name: 'Administrator2', surname: 'Acme', email: 'administrator2@acme.com'}",administrator2,administrator2
user-account-developer-01,true,"UserIdentity{name: 'Developer1', surname: 'Acme', email: 'developer1@acme.com'}",developer1,developer1
user-account-developer-02,true,"UserIdentity{name: 'Developer2', surname: 'Acme', email: 'developer2@acme.com'}",developer2,developer2
user-account-sponsor-01,true,"UserIdentity{name: 'Sponsor1', surname: 'Acme', email: 'sponsor1@acme.com'}",sponsor1,sponsor1
user-account-sponsor-02,true,"UserIdentity{name: 'Sponsor2', surname: 'Acme', email: 'sponsor2@acme.com'}",sponsor2,sponsor2
user-account-auditor-01,true,"UserIdentity{name: 'Auditor1', surname: 'Acme', email: 'auditor1@acme.com'}",auditor1,auditor1
user-account-auditor-02,true,"UserIdentity{name: 'Auditor2', surname: 'Acme', email: 'auditor2@acme.com'}",auditor2,auditor2